{
    "version": "1.0.0",
    "summary": "Web client for Elisa timetabling system",
    "repository": "https://github.com/invalid/repo.git",
    "license": "GPL-3.0+",
    "source-directories": [
        "src/elm"
    ],
    "exposed-modules": [],
    "dependencies": {
        "NoRedInk/elm-decode-pipeline": "3.0.0 <= v < 4.0.0",
        "eeue56/elm-default-dict": "2.0.2 <= v < 3.0.0",
        "elm-community/json-extra": "2.1.0 <= v < 3.0.0",
        "elm-lang/core": "5.0.0 <= v < 6.0.0",
        "elm-lang/html": "2.0.0 <= v < 3.0.0",
        "elm-lang/http": "1.0.0 <= v < 2.0.0",
        "elm-lang/keyboard": "1.0.1 <= v < 2.0.0",
        "elm-lang/mouse": "1.0.1 <= v < 2.0.0",
        "elm-lang/navigation": "2.0.1 <= v < 3.0.0",
        "etaque/elm-form": "2.0.0 <= v < 3.0.0",
        "evancz/url-parser": "2.0.1 <= v < 3.0.0",
        "krisajenkins/elm-dialog": "4.0.2 <= v < 5.0.0",
        "krisajenkins/remotedata": "4.3.0 <= v < 5.0.0",
        "ohanhi/remotedata-http": "2.0.2 <= v < 3.0.0",
        "rluiten/elm-date-extra": "8.2.0 <= v < 9.0.0",
        "simonh1000/elm-jwt": "5.0.0 <= v < 6.0.0"
    },
    "elm-version": "0.18.0 <= v < 0.19.0"
}
